[{"given_name": "Peshala", "surname": "Bandara", "registered_courses": ["CO321", "CO322", "CO324", "CO333"]}, {"given_name": "Gayan", "surname": "Chandrasiri", "registered_courses": ["CO222"]}, {"given_name": "Manjula", "surname": "Gunarathne", "registered_courses": ["CO321", "CO324", "CO321", "CO320", "CO328", "CO321", "CO329"]}, {"given_name": "Pasindu", "surname": "Samarajeewa", "registered_courses": ["CE421", "CE432", "CE326"]}, {"given_name": "Hashan", "surname": "Gunarathne", "registered_courses": ["ME211", "ME433", "ME123"]}]